id;es;en ;fr
HV-D01-001;"<strong><span style=&quot;background:#c62828; color:white; padding:1px 4px; border-radius:2px;&quot;>Remate</span> GUTS - 2</strong>: +2 al remate.";"<strong><span style=&quot;background:#c62828; color:white; padding:1px 4px; border-radius:2px;&quot;>Spike</span> GUTS - 2</strong>: +2 to spike.";"<strong><span style=&quot;background:#c62828; color:white; padding:1px 4px; border-radius:2px;&quot;>Attaque</span> GUTS - 2</strong>: +2 à l'attaque."
HV-D01-002;"<strong><span style=&quot;background:#1565c0; color:white; padding:1px 4px; border-radius:2px;&quot;>Pase</span> GUTS - 2</strong>: +2 al pase.";"<strong><span style=&quot;background:#1565c0; color:white; padding:1px 4px; border-radius:2px;&quot;>Passe</span> GUTS - 2</strong> : +2 à la passe.";"<strong><span style=&quot;background:#1565c0; color:white; padding:1px 4px; border-radius:2px;&quot;>Passe</span> GUTS - 2</strong> : +2 à la passe."
HV-D01-003;"<strong><span style=&quot;background:#424242; color:white; padding:1px 4px; border-radius:2px;&quot;>Bloqueo</span> GUTS - 1</strong>: Sólo puedes usar esta habilidad si el ataque del rival es igual o inferior a 4. Roba una carta.";"<strong><span style=&quot;background:#424242; color:white; padding:1px 4px; border-radius:2px;&quot;>Block</span> GUTS - 1</strong>: You can only use this ability if the rival's attack is 4 or lower. Draw a card.";"<strong><span style=&quot;background:#424242; color:white; padding:1px 4px; border-radius:2px;&quot;>Bloc</span> GUTS - 1</strong> : Tu ne peux utiliser cette capacité que si l'attaque adverse est inférieure ou égale à 4. Pioche une carte."
HV-D01-005 ;"<strong><span style=&quot;background:#1565c0; color:white; padding:1px 4px; border-radius:2px;&quot;>Recepción</span> GUTS - 3</strong>: roba 1 carta y +2 a la recepción.";"<strong><span style=&quot;background:#1565c0; color:white; padding:1px 4px; border-radius:2px;&quot;>Reception</span> GUTS - 3</strong>: draw 1 card and +2 to reception.";"<strong><span style=&quot;background:#1565c0; color:white; padding:1px 4px; border-radius:2px;&quot;>Réception</span> GUTS - 3</strong> : pioche 1 carte et +2 à la réception."
HV-D01-007;"<strong><span style=&quot;background:#1565c0; color:white; padding:1px 4px; border-radius:2px;&quot;>Recepción</span></strong> Descarta 1 carta de tu mano para añadir +3 a la recepción.";"<strong><span style=&quot;background:#1565c0; color:white; padding:1px 4px; border-radius:2px;&quot;>Reception</span></strong> Discard 1 card from your hand to add +3 to reception.";"<strong><span style=&quot;background:#1565c0; color:white; padding:1px 4px; border-radius:2px;&quot;>Réception</span></strong> Défausse 1 carte de ta main pour ajouter +3 à la réception."
HV-D01-011;"<strong><span style=&quot;background:#1565c0; color:white; padding:1px 4px; border-radius:2px;&quot;>Recepción</span></strong> Roba 1. +1 de recepción. Si la recepción de base del jugador es de 4 o menos, +1 de recepción adicional.";"<strong><span style=&quot;background:#1565c0; color:white; padding:1px 4px; border-radius:2px;&quot;>Reception</span></strong> Draw 1. +1 reception. If the player's base reception is 4 or lower, +1 additional reception.";"<strong><span style=&quot;background:#1565c0; color:white; padding:1px 4px; border-radius:2px;&quot;>Réception</span></strong> Pioche 1. +1 de réception. Si la réception de base du joueur est de 4 ou moins, +1 de réception supplémentaire."
HV-D01-012;"<strong><span style=""background:#c62828; color:white; padding:1px 4px; border-radius:2px;"">Remate</span></strong> Roba 1 carta y añade +1 al remate. Si en la jugada están presentes <strong><span style= color:#2e7d32>Kageyama Tobio</span></strong> y <strong><span style= color:#c62828>Hinata Shoyo</span></strong>, el rival no podrá usar bloqueadores laterales para defender.";"<strong><span style=""background:#c62828; color:white; padding:1px 4px; border-radius:2px;"">Spike</span></strong> Draw 1 card and add +1 to spike. If <strong><span style= color:#2e7d32>Kageyama Tobio</span></strong> and <strong><span style= color:#c62828>Hinata Shoyo</span></strong> are both present in the play, the rival cannot use side blockers to defend.";"<strong><span style=""background:#c62828; color:white; padding:1px 4px; border-radius:2px;"">Attaque</span></strong> Pioche 1 carte et ajoute +1 à l'attaque. Si <strong><span style= color:#2e7d32>Kageyama Tobio</span></strong> et <strong><span style= color:#c62828>Hinata Shoyo</span></strong> sont tous deux présents dans la jouée, l'adversaire ne pourra pas utiliser de bloqueurs latéraux pour défendre."
HV-D02-001;"<strong><span style=&quot;background:#2e7d32; color:white; padding:1px 4px; border-radius:2px;&quot;>Pase</span> GUTS - 2</strong> : +1 al pase. Durante el próximo turno, el rematador rival tendrá -2 al remate.";"<strong><span style=&quot;background:#2e7d32; color:white; padding:1px 4px; border-radius:2px;&quot;>Set</span> GUTS - 2</strong> : +1 to set. During the next turn, the rival spiker will have -2 to spike.";"<strong><span style=&quot;background:#2e7d32; color:white; padding:1px 4px; border-radius:2px;&quot;>Passe</span> GUTS - 2</strong> : +1 à la passe. Pendant le prochain tour, l'attaquant adverse aura -2 à l'attaque."
HV-D02-002;"<strong><span style=&quot;background:#424242; color:white; padding:1px 4px; border-radius:2px;&quot;>Bloqueo</span> GUTS - 1</strong>: Si el bloqueo es exitoso : </br><span style=&quot;background:#29b6f6; color:white; padding:1px 4px; border-radius:2px;&quot;><strong>Bloqueo Ofensivo (5)</strong></span> : Devuelve un contraataque con potencia de 5.";"<strong><span style=&quot;background:#424242; color:white; padding:1px 4px; border-radius:2px;&quot;>Block</span> GUTS - 1</strong>: If the block is successful: </br><span style=&quot;background:#29b6f6; color:white; padding:1px 4px; border-radius:2px;&quot;><strong>Offensive Block (5)</strong></span>: Returns a counterattack with power 5.";"<strong><span style=&quot;background:#424242; color:white; padding:1px 4px; border-radius:2px;&quot;>Bloc</span> GUTS - 1</strong> : Si le bloc est réussi : </br><span style=&quot;background:#29b6f6; color:white; padding:1px 4px; border-radius:2px;&quot;><strong>Bloc Offensif (5)</strong></span> : Renvoie une contre-attaque avec une puissance de 5."
HV-D02-003;"<strong><span style=&quot;background:#1565c0; color:white; padding:1px 4px; border-radius:2px;&quot;>Recepción</span></strong> Descarta 1 carta de tu mano para añadir +2 a la recepción.";"<strong><span style=&quot;background:#1565c0; color:white; padding:1px 4px; border-radius:2px;&quot;>Reception</span></strong> Discard 1 card from your hand to add +2 to reception.";"<strong><span style=&quot;background:#1565c0; color:white; padding:1px 4px; border-radius:2px;&quot;>Réception</span></strong> Défausse 1 carte de ta main pour ajouter +2 à la réception."
HV-D02-004;Durante un bloqueo, una vez que jueges un bloqueador central, si esta carta está en tu zona de <strong><span style= color:#c62828>remate</span></strong>, puedes <strong>GUTS - 2</strong> de tu zona de remate para desplazar esta carta como bloqueador de apoyo.;During a block, once you play a middle blocker, if this card is in your <strong><span style= color:#c62828>spike zone</span></strong>, you can <strong>GUTS - 2</strong> from your spike zone to move this card as a support blocker.;Pendant un contre, une fois que vous jouez un contreur central, si cette carte est dans votre <strong><span style= color:#c62828>zone d'attaque</span></strong>, vous pouvez <strong>GUTS - 2</strong> depuis votre zone d'attaque pour déplacer cette carte en tant que contreur de soutien.
HV-D02-009;"<strong><span style=&quot;background:#1565c0; color:white; padding:1px 4px; border-radius:2px;&quot;>Recepción</span> GUTS - 2</strong>: Roba 1 carta.";"<strong><span style=&quot;background:#1565c0; color:white; padding:1px 4px; border-radius:2px;&quot;>Reception</span> GUTS - 2</strong>: Draw 1 card.";"<strong><span style=&quot;background:#1565c0; color:white; padding:1px 4px; border-radius:2px;&quot;>Réception</span> GUTS - 2</strong> : Piochez 1 carte."
HV-D02-011;"<strong><span style=&quot;background:#424242; color:white; padding:1px 4px; border-radius:2px;&quot;>Bloqueo</span></strong><strong><span style=&quot;background:#1565c0; color:white; padding:1px 4px; border-radius:2px;&quot;>Recepción</span></strong> Roba 1 carta. Elige: </br><strong>· +1 al bloqueo de Kuroo</strong> </br><strong>· +1 a la recepción</strong>.";"<strong><span style=&quot;background:#424242; color:white; padding:1px 4px; border-radius:2px;&quot;>Block</span></strong><strong><span style=&quot;background:#1565c0; color:white; padding:1px 4px; border-radius:2px;&quot;>Reception</span></strong> Draw 1 card. Choose: </br><strong>· +1 to Kuroo's block</strong> </br><strong>· +1 to reception</strong>.";"<strong><span style=&quot;background:#424242; color:white; padding:1px 4px; border-radius:2px;&quot;>Contre</span></strong><strong><span style=&quot;background:#1565c0; color:white; padding:1px 4px; border-radius:2px;&quot;>Réception</span></strong> Piochez 1 carte. Choisissez : </br><strong>· +1 au contre de Kuroo</strong> </br><strong>· +1 à la réception</strong>."
HV-D02-012;Roba 1 carta. Después, mira las 3 primeras de tu mazo: si hay un <strong>Haiba Lev</strong> o un <strong>Inuoka So</strong>, puedes añadir 1 de ellos a tu mano. </br>Devuelve las otras cartas al fondo del mazo.;Draw 1 card. Then, look at the top 3 cards of your deck: if there is a <strong>Haiba Lev</strong> or an <strong>Inuoka So</strong>, you may add 1 of them to your hand. </br>Return the other cards to the bottom of the deck.;Piochez 1 carte. Ensuite, regardez les 3 premières cartes de votre deck : s'il y a un <strong>Haiba Lev</strong> ou un <strong>Inuoka So</strong>, vous pouvez en ajouter 1 à votre main. </br>Remettez les autres cartes au fond du deck.
HV-P01-002;"<strong><span style=&quot;background:#c62828; color:white; padding:1px 4px; border-radius:2px;&quot;>Remate</span> GUTS - 3</strong>: +4 al remate. El rival no podrá recibir con un jugador que tenga una recepción de base igual o superior a 6.";"<strong><span style=&quot;background:#c62828; color:white; padding:1px 4px; border-radius:2px;&quot;>Spike</span> GUTS - 3</strong>: +4 to the spike. The opponent cannot receive with a player whose base reception is 6 or higher.";"<strong><span style=&quot;background:#c62828; color:white; padding:1px 4px; border-radius:2px;&quot;>Attaque</span> GUTS - 3</strong> : +4 à l'attaque. L'adversaire ne pourra pas recevoir avec un joueur dont la réception de base est égale ou supérieure à 6."
HV-P01-003;"<strong><span style=&quot;background:#c62828; color:white; padding:1px 4px; border-radius:2px;&quot;>Remate</span></strong> Si tienes 3 cartas o menos en tu mano y tu colocador ha sido <strong><span style= color:#2e7d32>Kageyama Tobio</span></strong>: +2 al remate. </br>El rival solo puede colocar <strong>2 bloqueadores</strong> en el próximo turno.";"<strong><span style=&quot;background:#c62828; color:white; padding:1px 4px; border-radius:2px;&quot;>Spike</span></strong> If you have 3 or fewer cards in your hand and your setter has been <strong><span style= color:#2e7d32>Kageyama Tobio</span></strong>: +2 to the spike. </br>The opponent can only place <strong>2 blockers</strong> on the next turn.";"<strong><span style=&quot;background:#c62828; color:white; padding:1px 4px; border-radius:2px;&quot;>Attaque</span></strong> Si vous avez 3 cartes ou moins en main et que votre passeur a été <strong><span style= color:#2e7d32>Kageyama Tobio</span></strong> : +2 à l'attaque. </br>L'adversaire ne peut placer que <strong>2 contreurs</strong> lors du prochain tour."
HV-P01-006;"<strong><span style=&quot;background:#1565c0; color:white; padding:1px 4px; border-radius:2px;&quot;>Pase</span> GUTS - 2</strong>: Revela la primera carta del mazo. Si es <strong><span style= color:#c62828>Hinata Shoyo</span></strong> o <strong><span style= color:#c62828>Ataque amplio</span></strong>, añádela a tu mano. Si no es el caso, envía la carta al fondo de tu mazo. Añade +2 al remate de esta jugada, si el rematador es <strong><span style= color:#c62828>Hinata Shoyo</span></strong>.";"<strong><span style=&quot;background:#1565c0; color:white; padding:1px 4px; border-radius:2px;&quot;>Set</span> GUTS - 2</strong>: Reveal the top card of the deck. If it is <strong><span style= color:#c62828>Hinata Shoyo</span></strong> or <strong><span style= color:#c62828>Wide attack</span></strong>, add it to your hand. If not, send the card to the bottom of your deck. Add +2 to the spike of this play, if the spiker is <strong><span style= color:#c62828>Hinata Shoyo</span></strong>.";"<strong><span style=&quot;background:#1565c0; color:white; padding:1px 4px; border-radius:2px;&quot;>Passe</span> GUTS - 2</strong> : Révélez la première carte du deck. S'il s'agit de <strong><span style= color:#c62828>Hinata Shoyo</span></strong> ou d'<strong><span style= color:#c62828>Attaque large</span></strong>, ajoutez-la à votre main. Sinon, envoyez la carte au fond de votre deck. Ajoutez +2 à l'attaque de cette action, si l'attaquant est <strong><span style= color:#c62828>Hinata Shoyo</span></strong>."
HV-P01-008;"<strong><span style=&quot;background:#424242; color:white; padding:1px 4px; border-radius:2px;&quot;>Bloqueo</span> GUTS - 2</strong>: Si hay un <strong>Yamaguchi Tadashi</strong> en tu campo, añade +2 al bloqueo. </br>Si el bloqueo es exitoso : </br><span style=&quot;background:#29b6f6; color:white; padding:1px 4px; border-radius:2px;&quot;><strong>Bloqueo ofensivo (6)</strong></span> : Devuelve un contraataque con potencia de 6.";"<strong><span style=&quot;background:#424242; color:white; padding:1px 4px; border-radius:2px;&quot;>Block</span> GUTS - 2</strong>: If there is a <strong>Yamaguchi Tadashi</strong> on your field, add +2 to the block. </br>If the block is successful: </br><span style=&quot;background:#29b6f6; color:white; padding:1px 4px; border-radius:2px;&quot;><strong>Offensive block (6)</strong></span>: Return a counterattack with power 6.";"<strong><span style=&quot;background:#424242; color:white; padding:1px 4px; border-radius:2px;&quot;>Contre</span> GUTS - 2</strong> : S'il y a un <strong>Yamaguchi Tadashi</strong> sur votre terrain, ajoutez +2 au contre. </br>Si le contre réussit : </br><span style=&quot;background:#29b6f6; color:white; padding:1px 4px; border-radius:2px;&quot;><strong>Contre offensif (6)</strong></span> : Renvoyez une contre-attaque avec une puissance de 6."
HV-P01-010;"<strong><span style=&quot;background:#e65100; color:white; padding:1px 4px; border-radius:2px;&quot;>Saque</span></strong> Revela la carta superior de tu mazo. Si es de <strong>Karasuno</strong>, el próximo colocador rival tendrá <strong>-2 al pase</strong>. </br>Coloca la carta mostrada al fondo del mazo.";"<strong><span style=&quot;background:#e65100; color:white; padding:1px 4px; border-radius:2px;&quot;>Serve</span></strong> Reveal the top card of your deck. If it is from <strong>Karasuno</strong>, the opponent's next setter will have <strong>-2 to the set</strong>. </br>Place the revealed card at the bottom of the deck.";"<strong><span style=&quot;background:#e65100; color:white; padding:1px 4px; border-radius:2px;&quot;>Service</span></strong> Révélez la carte du dessus de votre deck. Si elle appartient à <strong>Karasuno</strong>, le prochain passeur adverse aura <strong>-2 à la passe</strong>. </br>Placez la carte révélée au fond du deck."
HV-P01-013;"<strong><span style=&quot;background:#1565c0; color:white; padding:1px 4px; border-radius:2px;&quot;>Recepción</span> <span style=&quot;background:#6a1b9a; color:white; padding:1px 4px; border-radius:2px;&quot;>Desde la mano</span></strong> Descarta esta carta desde tu mano para añadir +2 a la recepción de un personaje de <strong>Karasuno</strong> en juego.";"<strong><span style=&quot;background:#1565c0; color:white; padding:1px 4px; border-radius:2px;&quot;>Reception</span> <span style=&quot;background:#6a1b9a; color:white; padding:1px 4px; border-radius:2px;&quot;>From hand</span></strong> Discard this card from your hand to add +2 to the reception of a <strong>Karasuno</strong> character in play.";"<strong><span style=&quot;background:#1565c0; color:white; padding:1px 4px; border-radius:2px;&quot;>Réception</span> <span style=&quot;background:#6a1b9a; color:white; padding:1px 4px; border-radius:2px;&quot;>Depuis la main</span></strong> Défaussez cette carte depuis votre main pour ajouter +2 à la réception d'un personnage de <strong>Karasuno</strong> en jeu."
HV-P01-015;"<strong><span style=&quot;background:#2e7d32; color:white; padding:1px 4px; border-radius:2px;&quot;>Pase</span> GUTS - 2</strong>: Roba 1 carta y +1 al pase.";"<strong><span style=&quot;background:#2e7d32; color:white; padding:1px 4px; border-radius:2px;&quot;>Set</span> GUTS - 2</strong>: Draw 1 card and +1 to the set.";"<strong><span style=&quot;background:#2e7d32; color:white; padding:1px 4px; border-radius:2px;&quot;>Passe</span> GUTS - 2</strong> : Piochez 1 carte et +1 à la passe."
HV-P01-016;"<strong><span style=&quot;background:#c62828; color:white; padding:1px 4px; border-radius:2px;&quot;>Remate</span> GUTS - 4</strong>: Si tu colocador es un <strong>colocador (S) de Karasuno</strong>, +2 al remate.";"<strong><span style=&quot;background:#c62828; color:white; padding:1px 4px; border-radius:2px;&quot;>Spike</span> GUTS - 4</strong>: If your setter is a <strong>Karasuno setter (S)</strong>, +2 to the spike.";"<strong><span style=&quot;background:#c62828; color:white; padding:1px 4px; border-radius:2px;&quot;>Attaque</span> GUTS - 4</strong> : Si votre passeur est un <strong>passeur (S) de Karasuno</strong>, +2 à l'attaque."
HV-P01-018;"<strong><span style=&quot;background:#2e7d32; color:white; padding:1px 4px; border-radius:2px;&quot;>Pase</span> GUTS - 3</strong>: +1 al pase. Si todos tus personajes en juego son de <strong>Nekoma</strong>, puedes añadir 1 carta de tu zona de eventos a tu mano.";"<strong><span style=&quot;background:#2e7d32; color:white; padding:1px 4px; border-radius:2px;&quot;>Set</span> GUTS - 3</strong>: +1 to the set. If all your characters in play are from <strong>Nekoma</strong>, you may add 1 card from your event zone to your hand.";"<strong><span style=&quot;background:#2e7d32; color:white; padding:1px 4px; border-radius:2px;&quot;>Passe</span> GUTS - 3</strong> : +1 à la passe. Si tous vos personnages en jeu sont de <strong>Nekoma</strong>, vous pouvez ajouter 1 carte de votre zone d'événements à votre main."
HV-P01-019;"Si tu rematador esta jugada tiene un remate base de 3, puedes gastar <strong>GUTS - 2</strong> de <strong><span style=&quot;color:#2e7d32&quot;>pase</span></strong> para traer un personaje de <strong>Nekoma</strong> del GUTS de remate y añadir <strong>+2</strong> a su remate.";"If your spiker this play has a base spike of 3, you can spend <strong>GUTS - 2</strong> from <strong><span style=&quot;color:#2e7d32&quot;>set</span></strong> to bring a <strong>Nekoma</strong> character from the spike GUTS and add <strong>+2</strong> to its spike.";"Si votre attaquant sur cette action a une attaque de base de 3, vous pouvez dépenser <strong>GUTS - 2</strong> de <strong><span style=&quot;color:#2e7d32&quot;>passe</span></strong> pour amener un personnage de <strong>Nekoma</strong> depuis le GUTS d'attaque et ajouter <strong>+2</strong> à son attaque."
HV-P01-021;"<strong><span style=&quot;background:#c62828; color:white; padding:1px 4px; border-radius:2px;&quot;>Remate</span> GUTS - 3</strong>: +3 al remate. Después, elige una zona de tu campo y añade a tu mano hasta 2 cartas de <strong>Nekoma</strong> del GUTS de esa zona con nombres distintos entre sí.";"<strong><span style=&quot;background:#c62828; color:white; padding:1px 4px; border-radius:2px;&quot;>Spike</span> GUTS - 3</strong>: +3 to the spike. Then, choose a zone on your field and add up to 2 <strong>Nekoma</strong> cards with different names from that zone's GUTS to your hand.";"<strong><span style=&quot;background:#c62828; color:white; padding:1px 4px; border-radius:2px;&quot;>Attaque</span> GUTS - 3</strong> : +3 à l'attaque. Ensuite, choisissez une zone de votre terrain et ajoutez à votre main jusqu'à 2 cartes de <strong>Nekoma</strong> du GUTS de cette zone ayant des noms différents entre elles."
HV-P01-023;"Cuando coloques un personaje de <strong>Nekoma</strong> encima de esta carta en <strong><span style=&quot;color:#1565c0&quot;>recepción</span></strong>, puedes descartar 1 carta de <strong>Nekoma</strong> de tu mano para añadir +2 a su recepción.";"When you place a <strong>Nekoma</strong> character on top of this card in <strong><span style=&quot;color:#1565c0&quot;>reception</span></strong>, you may discard 1 <strong>Nekoma</strong> card from your hand to add +2 to its reception.";"Lorsque vous placez un personnage de <strong>Nekoma</strong> par-dessus cette carte en <strong><span style=&quot;color:#1565c0&quot;>réception</span></strong>, vous pouvez défausser 1 carte de <strong>Nekoma</strong> de votre main pour ajouter +2 à sa réception."
HV-P01-025;"<strong><span style=&quot;background:#c62828; color:white; padding:1px 4px; border-radius:2px;&quot;>Remate</span> GUTS 2</strong>: </br>· Durante el próximo turno rival, cada bloqueador central que coloque tendrá <strong>-3 al bloqueo</strong>.</br>· Si esta carta fue traída por la habilidad de <strong><span style=&quot;color:#2e7d32&quot;>Kozume Kenma</span></strong>, +2 al remate.";"<strong><span style=&quot;background:#c62828; color:white; padding:1px 4px; border-radius:2px;&quot;>Spike</span> GUTS 2</strong>: </br>· During the opponent's next turn, each middle blocker they place will have <strong>-3 to the block</strong>.</br>· If this card was brought in by <strong><span style=&quot;color:#2e7d32&quot;>Kozume Kenma</span></strong>'s ability, +2 to the spike.";"<strong><span style=&quot;background:#c62828; color:white; padding:1px 4px; border-radius:2px;&quot;>Attaque</span> GUTS 2</strong> : </br>· Pendant le prochain tour adverse, chaque contreur central qu'il place aura <strong>-3 au contre</strong>.</br>· Si cette carte a été amenée par la capacité de <strong><span style=&quot;color:#2e7d32&quot;>Kozume Kenma</span></strong>, +2 à l'attaque."
HV-P01-028;"Cuando coloques a <strong>Haiba Lev</strong> encima de esta carta en <strong><span style=&quot;color:#c62828&quot;>remate</span></strong>, puedes descartar 1 carta de <strong>Nekoma</strong> de tu mano para añadir +1 a su remate.";"When you place <strong>Haiba Lev</strong> on top of this card in <strong><span style=&quot;color:#c62828&quot;>spike</span></strong>, you may discard 1 <strong>Nekoma</strong> card from your hand to add +1 to its spike.";"Lorsque vous placez <strong>Haiba Lev</strong> par-dessus cette carte en <strong><span style=&quot;color:#c62828&quot;>attaque</span></strong>, vous pouvez défausser 1 carte de <strong>Nekoma</strong> de votre main pour ajouter +1 à son attaque."
HV-P01-031;"<strong><span style=&quot;background:#1565c0; color:white; padding:1px 4px; border-radius:2px;&quot;>Recepción</span> <span style=&quot;background:#6a1b9a; color:white; padding:1px 4px; border-radius:2px;&quot;>Desde la mano</span></strong> Descarta esta carta desde tu mano para añadir +2 a la recepción de un personaje de <strong>Nekoma</strong> en juego.";"<strong><span style=&quot;background:#1565c0; color:white; padding:1px 4px; border-radius:2px;&quot;>Reception</span> <span style=&quot;background:#6a1b9a; color:white; padding:1px 4px; border-radius:2px;&quot;>From hand</span></strong> Discard this card from your hand to add +2 to the reception of a <strong>Nekoma</strong> character in play.";"<strong><span style=&quot;background:#1565c0; color:white; padding:1px 4px; border-radius:2px;&quot;>Réception</span> <span style=&quot;background:#6a1b9a; color:white; padding:1px 4px; border-radius:2px;&quot;>Depuis la main</span></strong> Défaussez cette carte depuis votre main pour ajouter +2 à la réception d'un personnage de <strong>Nekoma</strong> en jeu."
HV-P01-032;"<strong><span style=&quot;background:#e65100; color:white; padding:1px 4px; border-radius:2px;&quot;>Saque</span></strong> Durante el próximo turno rival, las habilidades del <strong>receptor</strong> y del <strong>colocador</strong> quedan anuladas.";"<strong><span style=&quot;background:#e65100; color:white; padding:1px 4px; border-radius:2px;&quot;>Serve</span></strong> During the opponent's next turn, the abilities of the <strong>receiver</strong> and the <strong>setter</strong> are nullified.";"<strong><span style=&quot;background:#e65100; color:white; padding:1px 4px; border-radius:2px;&quot;>Service</span></strong> Pendant le prochain tour adverse, les capacités du <strong>réceptionneur</strong> et du <strong>passeur</strong> sont annulées."
HV-P01-033;"<strong><span style=&quot;background:#e65100; color:white; padding:1px 4px; border-radius:2px;&quot;>Saque</span> <span style=&quot;background:#2e7d32; color:white; padding:1px 4px; border-radius:2px;&quot;>Pase</span></strong> Descarta 1 carta de <strong>Aoba Jôsai</strong> de tu mano para +1 al saque o al pase. Si el rival tiene 4 o más cartas en la mano, debe descartar 1 carta de su mano.";"<strong><span style=&quot;background:#e65100; color:white; padding:1px 4px; border-radius:2px;&quot;>Serve</span> <span style=&quot;background:#2e7d32; color:white; padding:1px 4px; border-radius:2px;&quot;>Set</span></strong> Discard 1 <strong>Aoba Jôsai</strong> card from your hand for +1 to the serve or the set. If the opponent has 4 or more cards in hand, they must discard 1 card from their hand.";"<strong><span style=&quot;background:#e65100; color:white; padding:1px 4px; border-radius:2px;&quot;>Service</span> <span style=&quot;background:#2e7d32; color:white; padding:1px 4px; border-radius:2px;&quot;>Passe</span></strong> Défaussez 1 carte d'<strong>Aoba Jôsai</strong> de votre main pour +1 au service ou à la passe. Si l'adversaire a 4 cartes ou plus en main, il doit défausser 1 carte de sa main."
HV-P01-034;"<strong><span style=&quot;background:#e65100; color:white; padding:1px 4px; border-radius:2px;&quot;>Saque</span> GUTS 1</strong>: Si la carta descartada es de <strong>Aoba Jôsai</strong>, el rival devuelve todas las cartas de su mano al mazo, baraja y roba 6 cartas.";"<strong><span style=&quot;background:#e65100; color:white; padding:1px 4px; border-radius:2px;&quot;>Serve</span> GUTS 1</strong>: If the discarded card is from <strong>Aoba Jôsai</strong>, the opponent returns all cards from their hand to the deck, shuffles, and draws 6 cards.";"<strong><span style=&quot;background:#e65100; color:white; padding:1px 4px; border-radius:2px;&quot;>Service</span> GUTS 1</strong> : Si la carte défaussée appartient à <strong>Aoba Jôsai</strong>, l'adversaire remet toutes les cartes de sa main dans le deck, mélange et pioche 6 cartes."
HV-P01-035;"<strong><span style=&quot;background:#c62828; color:white; padding:1px 4px; border-radius:2px;&quot;>Remate</span></strong> Descarta 1 carta de <strong>Aoba Jôsai</strong> de tu mano para +2 al remate. </br>Si el rival tiene 4 o menos cartas en la mano, durante el próximo turno rival no podrá robar cartas mediante habilidades.";"<strong><span style=&quot;background:#c62828; color:white; padding:1px 4px; border-radius:2px;&quot;>Spike</span></strong> Discard 1 <strong>Aoba Jôsai</strong> card from your hand for +2 to the spike. </br>If the opponent has 4 or fewer cards in hand, during their next turn they cannot draw cards through abilities.";"<strong><span style=&quot;background:#c62828; color:white; padding:1px 4px; border-radius:2px;&quot;>Attaque</span></strong> Défaussez 1 carte d'<strong>Aoba Jôsai</strong> de votre main pour +2 à l'attaque. </br>Si l'adversaire a 4 cartes ou moins en main, il ne pourra pas piocher de cartes grâce à des capacités pendant son prochain tour."
HV-P01-037;"<strong><span style=&quot;background:#424242; color:white; padding:1px 4px; border-radius:2px;&quot;>Bloqueo</span> GUTS 1</strong>: Solo puedes usar esta habilidad si el ataque del rival es 8 o más. Termina inmediatamente la fase de bloqueo y pasa a recepción. Durante este turno, si tu receptor es del <strong>Aoba Jôsai</strong> tendrá <strong>+3 a la recepción</strong>.";"<strong><span style=&quot;background:#424242; color:white; padding:1px 4px; border-radius:2px;&quot;>Block</span> GUTS 1</strong>: You may only use this ability if the opponent's attack is 8 or higher. Immediately end the block phase and move to reception. During this turn, if your receiver is from <strong>Aoba Jôsai</strong> they will have <strong>+3 to the reception</strong>.";"<strong><span style=&quot;background:#424242; color:white; padding:1px 4px; border-radius:2px;&quot;>Contre</span> GUTS 1</strong> : Vous ne pouvez utiliser cette capacité que si l'attaque adverse est de 8 ou plus. Terminez immédiatement la phase de contre et passez à la réception. Pendant ce tour, si votre réceptionneur est de l'<strong>Aoba Jôsai</strong>, il aura <strong>+3 à la réception</strong>."
HV-P01-039;"<strong><span style=&quot;background:#1565c0; color:white; padding:1px 4px; border-radius:2px;&quot;>Recepción</span></strong> Solo puedes usar esta habilidad si el ataque del rival es 6 o más. Descarta 1 carta de <strong>Aoba Jôsai</strong> de tu mano para +1 a la recepción. </br>Si todos tus personajes en juego son de <strong>Aoba Jôsai</strong>, roba 1 carta.";"<strong><span style=&quot;background:#1565c0; color:white; padding:1px 4px; border-radius:2px;&quot;>Reception</span></strong> You may only use this ability if the opponent's attack is 6 or higher. Discard 1 <strong>Aoba Jôsai</strong> card from your hand for +1 to the reception. </br>If all your characters in play are from <strong>Aoba Jôsai</strong>, draw 1 card.";"<strong><span style=&quot;background:#1565c0; color:white; padding:1px 4px; border-radius:2px;&quot;>Réception</span></strong> Vous ne pouvez utiliser cette capacité que si l'attaque adverse est de 6 ou plus. Défaussez 1 carte d'<strong>Aoba Jôsai</strong> de votre main pour +1 à la réception. </br>Si tous vos personnages en jeu sont de l'<strong>Aoba Jôsai</strong>, piochez 1 carte."
HV-P01-041;"<strong><span style=&quot;background:#c62828; color:white; padding:1px 4px; border-radius:2px;&quot;>Remate</span> GUTS 1</strong>: Solo puedes usar esta habilidad si todos tus personajes en juego son de <strong>Aoba Jôsai</strong> y el rival tiene 3 o menos cartas en la mano: </br><span style=&quot;background:#29b6f6; color:white; padding:1px 4px; border-radius:2px;&quot;><strong>Finta (4)</strong></span> : el ataque queda fijado en 4 y el rival no puede colocar bloqueadores este turno.";"<strong><span style=&quot;background:#c62828; color:white; padding:1px 4px; border-radius:2px;&quot;>Spike</span> GUTS 1</strong>: You may only use this ability if all your characters in play are from <strong>Aoba Jôsai</strong> and the opponent has 3 or fewer cards in hand: </br><span style=&quot;background:#29b6f6; color:white; padding:1px 4px; border-radius:2px;&quot;><strong>Feint (4)</strong></span>: the attack is fixed at 4 and the opponent cannot place blockers this turn.";"<strong><span style=&quot;background:#c62828; color:white; padding:1px 4px; border-radius:2px;&quot;>Attaque</span> GUTS 1</strong> : Vous ne pouvez utiliser cette capacité que si tous vos personnages en jeu sont de l'<strong>Aoba Jôsai</strong> et que l'adversaire a 3 cartes ou moins en main : </br><span style=&quot;background:#29b6f6; color:white; padding:1px 4px; border-radius:2px;&quot;><strong>Feinte (4)</strong></span> : l'attaque est fixée à 4 et l'adversaire ne peut pas placer de contreurs ce tour-ci."
HV-P01-045;"<strong><span style=&quot;background:#1565c0; color:white; padding:1px 4px; border-radius:2px;&quot;>Pase</span> GUTS 2</strong>: Añade +2 al pase. Después, busca un <strong>Kotaro Bokuto</strong> en tu pila de descartes y añádelo a tu mano.";"<strong><span style=&quot;background:#1565c0; color:white; padding:1px 4px; border-radius:2px;&quot;>Set</span> GUTS 2</strong>: Add +2 to the set. Then, search for a <strong>Kotaro Bokuto</strong> in your discard pile and add it to your hand.";"<strong><span style=&quot;background:#1565c0; color:white; padding:1px 4px; border-radius:2px;&quot;>Passe</span> GUTS 2</strong> : Ajoutez +2 à la passe. Ensuite, cherchez un <strong>Kotaro Bokuto</strong> dans votre pile de défausse et ajoutez-le à votre main."
HV-P01-054;"<strong><span style=&quot;background:#424242; color:white; padding:1px 4px; border-radius:2px;&quot;>Bloqueo</span> GUTS 3</strong>: Añade +5 al bloqueo.";"<strong><span style=&quot;background:#424242; color:white; padding:1px 4px; border-radius:2px;&quot;>Block</span> GUTS 3</strong>: Add +5 to the block.";"<strong><span style=&quot;background:#424242; color:white; padding:1px 4px; border-radius:2px;&quot;>Contre</span> GUTS 3</strong> : Ajoutez +5 au contre."
HV-P01-056;"<strong><span style=&quot;background:#e65100; color:white; padding:1px 4px; border-radius:2px;&quot;>Saque</span> <span style=&quot;background:#c62828; color:white; padding:1px 4px; border-radius:2px;&quot;>Remate</span></strong> Puedes descartarte una carta de evento de tu mano para añadir +2 al saque o al remate de esta carta.";"<strong><span style=&quot;background:#e65100; color:white; padding:1px 4px; border-radius:2px;&quot;>Serve</span> <span style=&quot;background:#c62828; color:white; padding:1px 4px; border-radius:2px;&quot;>Spike</span></strong> You may discard an event card from your hand to add +2 to the serve or the spike of this card.";"<strong><span style=&quot;background:#e65100; color:white; padding:1px 4px; border-radius:2px;&quot;>Service</span> <span style=&quot;background:#c62828; color:white; padding:1px 4px; border-radius:2px;&quot;>Attaque</span></strong> Vous pouvez défausser une carte événement de votre main pour ajouter +2 au service ou à l'attaque de cette carte."
HV-P01-057;"<strong><span style=&quot;background:#424242; color:white; padding:1px 4px; border-radius:2px;&quot;>Bloqueo</span></strong> Durante el próximo turno rival, cada vez que el rival robe una carta por un efecto, tú también robas una carta.";"<strong><span style=&quot;background:#424242; color:white; padding:1px 4px; border-radius:2px;&quot;>Block</span></strong> During the opponent's next turn, whenever the opponent draws a card from an effect, you also draw a card.";"<strong><span style=&quot;background:#424242; color:white; padding:1px 4px; border-radius:2px;&quot;>Contre</span></strong> Pendant le prochain tour adverse, chaque fois que l'adversaire pioche une carte grâce à un effet, vous piochez également une carte."
HV-P01-060;"<strong><span style=&quot;background:#424242; color:white; padding:1px 4px; border-radius:2px;&quot;>Bloqueo</span></strong> Sólo puedes jugar este efecto si el ataque del rival es igual o superior a 4. </br><span style=&quot;background:#29b6f6; color:white; padding:1px 4px; border-radius:2px;&quot;><strong>One Touch (2)</strong></span> : resta 2 al ataque del rival y pasa directamente a fase de recepción.";"<strong><span style=&quot;background:#424242; color:white; padding:1px 4px; border-radius:2px;&quot;>Block</span></strong> You may only play this effect if the opponent's attack is 4 or higher. </br><span style=&quot;background:#29b6f6; color:white; padding:1px 4px; border-radius:2px;&quot;><strong>One Touch (2)</strong></span>: subtract 2 from the opponent's attack and go directly to the reception phase.";"<strong><span style=&quot;background:#424242; color:white; padding:1px 4px; border-radius:2px;&quot;>Contre</span></strong> Vous ne pouvez jouer cet effet que si l'attaque adverse est égale ou supérieure à 4. </br><span style=&quot;background:#29b6f6; color:white; padding:1px 4px; border-radius:2px;&quot;><strong>One Touch (2)</strong></span> : réduisez l'attaque adverse de 2 et passez directement à la phase de réception."
HV-P01-065;"<strong><span style=&quot;background:#1565c0; color:white; padding:1px 4px; border-radius:2px;&quot;>Recepción</span></strong> Si el rival tiene 5 o más cartas de eventos de tipo <strong><span style=&quot;color:#c62828&quot;>Remate</span></strong> o <strong><span style=&quot;color:#2e7d32&quot;>Pase</span></strong> en su zona de eventos, añade +6 a la recepción.";"<strong><span style=&quot;background:#1565c0; color:white; padding:1px 4px; border-radius:2px;&quot;>Reception</span></strong> If the opponent has 5 or more <strong><span style=&quot;color:#c62828&quot;>Spike</span></strong> or <strong><span style=&quot;color:#2e7d32&quot;>Set</span></strong> type event cards in their event zone, add +6 to the reception.";"<strong><span style=&quot;background:#1565c0; color:white; padding:1px 4px; border-radius:2px;&quot;>Réception</span></strong> Si l'adversaire a 5 cartes événements ou plus de type <strong><span style=&quot;color:#c62828&quot;>Attaque</span></strong> ou <strong><span style=&quot;color:#2e7d32&quot;>Passe</span></strong> dans sa zone d'événements, ajoutez +6 à la réception."
HV-P01-066;"<strong><span style=&quot;background:#c62828; color:white; padding:1px 4px; border-radius:2px;&quot;>Remate</span> GUTS 3</strong>: Sólo puedes usar esta habilidad si todos los jugadores que han participado en la jugada son del equipo <strong>Kamomedai</strong> o si pertenecen a 4 o más escuelas distintas. Añade +3 al remate. Después, puedes enviar 2 eventos de la zona de eventos del rival a su descarte. Si tras esta acción le quedan 2 eventos o menos en la zona, obtienes +1 de remate adicional.";"<strong><span style=&quot;background:#c62828; color:white; padding:1px 4px; border-radius:2px;&quot;>Spike</span> GUTS 3</strong>: You may only use this ability if all players involved in the play are from the <strong>Kamomedai</strong> team or belong to 4 or more different schools. Add +3 to the spike. Then, you may send 2 events from the opponent's event zone to their discard pile. If, after this action, 2 or fewer events remain in the zone, you gain an additional +1 to the spike.";"<strong><span style=&quot;background:#c62828; color:white; padding:1px 4px; border-radius:2px;&quot;>Attaque</span> GUTS 3</strong> : Vous ne pouvez utiliser cette capacité que si tous les joueurs ayant participé à l'action appartiennent à l'équipe <strong>Kamomedai</strong> ou à 4 écoles différentes ou plus. Ajoutez +3 à l'attaque. Ensuite, vous pouvez envoyer 2 événements de la zone d'événements de l'adversaire dans sa défausse. Si, après cette action, il reste 2 événements ou moins dans la zone, vous obtenez +1 d'attaque supplémentaire."
HV-P01-068;"<strong><span style=&quot;background:#c62828; color:white; padding:1px 4px; border-radius:2px;&quot;>Remate</span> GUTS 3</strong> Si tienes 3 o menos cartas en mano y tus jugadores en el campo pertenecen a más de 4 escuelas diferentes, añade +2 al remate. </br><span style=&quot;background:#29b6f6; color:white; padding:1px 4px; border-radius:2px;&quot;><strong>Blockout (2)</strong></span> : En el próximo turno, si el bloqueador rival central tiene un bloqueo original de 2 o menos, irá al descarte en lugar de quedarse en la zona de bloqueo.";"<strong><span style=&quot;background:#c62828; color:white; padding:1px 4px; border-radius:2px;&quot;>Spike</span> GUTS 3</strong> If you have 3 or fewer cards in hand and your players on the field belong to more than 4 different schools, add +2 to the spike. </br><span style=&quot;background:#29b6f6; color:white; padding:1px 4px; border-radius:2px;&quot;><strong>Blockout (2)</strong></span>: On the next turn, if the opponent's middle blocker has an original block of 2 or lower, it will go to the discard pile instead of staying in the block zone.";"<strong><span style=&quot;background:#c62828; color:white; padding:1px 4px; border-radius:2px;&quot;>Attaque</span> GUTS 3</strong> Si vous avez 3 cartes ou moins en main et que vos joueurs sur le terrain appartiennent à plus de 4 écoles différentes, ajoutez +2 à l'attaque. </br><span style=&quot;background:#29b6f6; color:white; padding:1px 4px; border-radius:2px;&quot;><strong>Blockout (2)</strong></span> : Au prochain tour, si le contreur central adverse a un contre original de 2 ou moins, il ira à la défausse au lieu de rester dans la zone de contre."
HV-P01-074;"<strong><span style=&quot;background:#c62828; color:white; padding:1px 4px; border-radius:2px;&quot;>Remate</span></strong> Roba 1 carta y +1 al remate. Si el rival tiene 5 o más cartas de eventos jugables en <strong><span style=&quot;color:#1565c0&quot;>Recepción</span></strong> o <strong><span style=&quot;color:#2e7d32&quot;>Pase</span></strong> en su zona de eventos, +2 adicional al remate.";"<strong><span style=&quot;background:#c62828; color:white; padding:1px 4px; border-radius:2px;&quot;>Spike</span></strong> Draw 1 card and +1 to the spike. If the opponent has 5 or more playable event cards in <strong><span style=&quot;color:#1565c0&quot;>Reception</span></strong> or <strong><span style=&quot;color:#2e7d32&quot;>Set</span></strong> in their event zone, an additional +2 to the spike.";"<strong><span style=&quot;background:#c62828; color:white; padding:1px 4px; border-radius:2px;&quot;>Attaque</span></strong> Piochez 1 carte et +1 à l'attaque. Si l'adversaire a 5 cartes événements jouables ou plus en <strong><span style=&quot;color:#1565c0&quot;>Réception</span></strong> ou <strong><span style=&quot;color:#2e7d32&quot;>Passe</span></strong> dans sa zone d'événements, +2 supplémentaire à l'attaque."
HV-P01-075;"<strong><span style=&quot;background:#1565c0; color:white; padding:1px 4px; border-radius:2px;&quot;>Recepción</span> <span style=&quot;background:#c62828; color:white; padding:1px 4px; border-radius:2px;&quot;>Remate</span></strong> Si tu receptor o rematador es de <strong>Karasuno</strong>, +1 a su parámetro según la fase. Si estás en <strong><span style=&quot;background:#1565c0; color:white; padding:1px 4px; border-radius:2px;&quot;>Recepción</span></strong>, además roba 1 carta.";"<strong><span style=&quot;background:#1565c0; color:white; padding:1px 4px; border-radius:2px;&quot;>Reception</span> <span style=&quot;background:#c62828; color:white; padding:1px 4px; border-radius:2px;&quot;>Spike</span></strong> If your receiver or spiker is from <strong>Karasuno</strong>, +1 to their parameter according to the phase. If you are in <strong><span style=&quot;background:#1565c0; color:white; padding:1px 4px; border-radius:2px;&quot;>Reception</span></strong>, also draw 1 card.";"<strong><span style=&quot;background:#1565c0; color:white; padding:1px 4px; border-radius:2px;&quot;>Réception</span> <span style=&quot;background:#c62828; color:white; padding:1px 4px; border-radius:2px;&quot;>Attaque</span></strong> Si votre réceptionneur ou attaquant est de <strong>Karasuno</strong>, +1 à son paramètre selon la phase. Si vous êtes en <strong><span style=&quot;background:#1565c0; color:white; padding:1px 4px; border-radius:2px;&quot;>Réception</span></strong>, piochez également 1 carte."
HV-P01-076;"<strong><span style=&quot;background:#1565c0; color:white; padding:1px 4px; border-radius:2px;&quot;>Recepción</span></strong> Si tienes 4 o menos cartas en la mano, elige una de tus zonas y añade 2 cartas de su GUTS a tu mano.";"<strong><span style=&quot;background:#1565c0; color:white; padding:1px 4px; border-radius:2px;&quot;>Reception</span></strong> If you have 4 or fewer cards in hand, choose one of your zones and add 2 cards from its GUTS to your hand.";"<strong><span style=&quot;background:#1565c0; color:white; padding:1px 4px; border-radius:2px;&quot;>Réception</span></strong> Si vous avez 4 cartes ou moins en main, choisissez une de vos zones et ajoutez 2 cartes de son GUTS à votre main."
HV-P01-077;"<strong><span style=&quot;background:#1565c0; color:white; padding:1px 4px; border-radius:2px;&quot;>Recepción</span></strong> <strong><span style=&quot;background:#e91e8c; color:white; padding:1px 4px; border-radius:2px;&quot;>Única</span></strong> +2 a la recepción de un personaje de <strong>Karasuno</strong>. Si ese personaje es <strong>Nishinoya Yu</strong>, roba 1 carta.</br><strong><span style=&quot;background:#e91e8c; font-size:0.85em; color:white; padding:1px 4px; border-radius:2px;&quot;>Única</span></strong><span style=&quot;font-size:0.85em&quot;> : Solo puedes jugar 1 carta con este nombre por turno.</span>";"<strong><span style=&quot;background:#1565c0; color:white; padding:1px 4px; border-radius:2px;&quot;>Reception</span></strong> <strong><span style=&quot;background:#e91e8c; color:white; padding:1px 4px; border-radius:2px;&quot;>Unique</span></strong> +2 to the reception of a <strong>Karasuno</strong> character. If that character is <strong>Nishinoya Yu</strong>, draw 1 card.</br><strong><span style=&quot;background:#e91e8c; font-size:0.85em; color:white; padding:1px 4px; border-radius:2px;&quot;>Unique</span></strong><span style=&quot;font-size:0.85em&quot;>: You may only play 1 card with this name per turn.</span>";"<strong><span style=&quot;background:#1565c0; color:white; padding:1px 4px; border-radius:2px;&quot;>Réception</span></strong> <strong><span style=&quot;background:#e91e8c; color:white; padding:1px 4px; border-radius:2px;&quot;>Unique</span></strong> +2 à la réception d'un personnage de <strong>Karasuno</strong>. Si ce personnage est <strong>Nishinoya Yu</strong>, piochez 1 carte.</br><strong><span style=&quot;background:#e91e8c; font-size:0.85em; color:white; padding:1px 4px; border-radius:2px;&quot;>Unique</span></strong><span style=&quot;font-size:0.85em&quot;> : Vous ne pouvez jouer qu'1 carte portant ce nom par tour."
HV-P01-078;"<strong><span style=&quot;background:#c62828; color:white; padding:1px 4px; border-radius:2px;&quot;>Remate</span></strong> Roba 2 cartas y descarta 1 de tu mano. </br>Si hay 2 o menos <strong>Ataque abierto</strong> en tu zona de eventos, puedes traer un <strong>Hinata Shoyo</strong> del trash a la zona de remate y añadir +1 a su remate.";"<strong><span style=&quot;background:#c62828; color:white; padding:1px 4px; border-radius:2px;&quot;>Spike</span></strong> Draw 2 cards and discard 1 from your hand. </br>If there are 2 or fewer <strong>Open attack</strong> in your event zone, you may bring a <strong>Hinata Shoyo</strong> from the trash to the spike zone and add +1 to its spike.";"<strong><span style=&quot;background:#c62828; color:white; padding:1px 4px; border-radius:2px;&quot;>Attaque</span></strong> Piochez 2 cartes et défaussez 1 de votre main. </br>S'il y a 2 <strong>Attaque ouverte</strong> ou moins dans votre zone d'événements, vous pouvez amener un <strong>Hinata Shoyo</strong> depuis la défausse vers la zone d'attaque et ajouter +1 à son attaque."
HV-P01-079;"<strong><span style=&quot;background:#424242; color:white; padding:1px 4px; border-radius:2px;&quot;>Bloqueo</span></strong> Roba 1 carta y +1 al bloqueo de un personaje de <strong>Karasuno</strong>. </br>Si ese bloqueador es <strong>Tsukishima Kei</strong>, puedes añadir un <strong>Yamaguchi Tadashi</strong> del GUTS de saque a tu mano. Además, durante el siguiente turno rival, el receptor tendrá <strong>-2 a la recepción</strong>.";"<strong><span style=&quot;background:#424242; color:white; padding:1px 4px; border-radius:2px;&quot;>Block</span></strong> Draw 1 card and +1 to the block of a <strong>Karasuno</strong> character. </br>If that blocker is <strong>Tsukishima Kei</strong>, you may add a <strong>Yamaguchi Tadashi</strong> from the serve GUTS to your hand. Also, during the opponent's next turn, the receiver will have <strong>-2 to the reception</strong>.";"<strong><span style=&quot;background:#424242; color:white; padding:1px 4px; border-radius:2px;&quot;>Contre</span></strong> Piochez 1 carte et +1 au contre d'un personnage de <strong>Karasuno</strong>. </br>Si ce contreur est <strong>Tsukishima Kei</strong>, vous pouvez ajouter un <strong>Yamaguchi Tadashi</strong> depuis le GUTS de service à votre main. De plus, pendant le prochain tour adverse, le réceptionneur aura <strong>-2 à la réception</strong>."
HV-P01-080;"<strong><span style=&quot;background:#1565c0; color:white; padding:1px 4px; border-radius:2px;&quot;>Recepción</span></strong> Roba 1 carta y +1 a la recepción. Si el rival tiene 5 o más cartas de eventos en <strong><span style=&quot;color:#2e7d32&quot;>Pase</span></strong> o <strong><span style=&quot;color:#c62828&quot;>Remate</span></strong> en su zona de eventos, +2 adicional a la recepción.";"<strong><span style=&quot;background:#1565c0; color:white; padding:1px 4px; border-radius:2px;&quot;>Reception</span></strong> Draw 1 card and +1 to the reception. If the opponent has 5 or more event cards in <strong><span style=&quot;color:#2e7d32&quot;>Set</span></strong> or <strong><span style=&quot;color:#c62828&quot;>Spike</span></strong> in their event zone, an additional +2 to the reception.";"<strong><span style=&quot;background:#1565c0; color:white; padding:1px 4px; border-radius:2px;&quot;>Réception</span></strong> Piochez 1 carte et +1 à la réception. Si l'adversaire a 5 cartes événements ou plus de type <strong><span style=&quot;color:#2e7d32&quot;>Passe</span></strong> ou <strong><span style=&quot;color:#c62828&quot;>Attaque</span></strong> dans sa zone d'événements, +2 supplémentaire à la réception."
HV-P01-081;"<strong><span style=&quot;background:#c62828; color:white; padding:1px 4px; border-radius:2px;&quot;>Remate</span></strong> Roba 1 carta y +1 al remate de un personaje de <strong><span style=&quot;color:#c62828&quot;>Nekoma</span></strong>. </br>Si todos tus personajes en juego son de <strong>Nekoma</strong>, puedes gastar en <strong><span style=&quot;color:#1565c0&quot;>Recepción</span> GUTS 3</strong> para añadir +1 adicional al remate.";"<strong><span style=&quot;background:#c62828; color:white; padding:1px 4px; border-radius:2px;&quot;>Spike</span></strong> Draw 1 card and +1 to the spike of a <strong><span style=&quot;color:#c62828&quot;>Nekoma</span></strong> character. </br>If all your characters in play are from <strong>Nekoma</strong>, you may spend from <strong><span style=&quot;color:#1565c0&quot;>Reception</span> GUTS 3</strong> to add an additional +1 to the spike.";"<strong><span style=&quot;background:#c62828; color:white; padding:1px 4px; border-radius:2px;&quot;>Attaque</span></strong> Piochez 1 carte et +1 à l'attaque d'un personnage de <strong><span style=&quot;color:#c62828&quot;>Nekoma</span></strong>. </br>Si tous vos personnages en jeu sont de <strong>Nekoma</strong>, vous pouvez dépenser depuis <strong><span style=&quot;color:#1565c0&quot;>Réception</span> GUTS 3</strong> pour ajouter +1 supplémentaire à l'attaque."
HV-P01-082;"<strong><span style=&quot;background:#1565c0; color:white; padding:1px 4px; border-radius:2px;&quot;>Recepción</span></strong> Roba 1 carta. Elige: </br><strong>· +1 a la recepción</strong> de un personaje de <strong>Nekoma</strong>. </br><strong>· Fija la recepción en 7</strong> de un personaje de <strong>Nekoma</strong> con recepción de base 5 o más.";"<strong><span style=&quot;background:#1565c0; color:white; padding:1px 4px; border-radius:2px;&quot;>Reception</span></strong> Draw 1 card. Choose: </br><strong>· +1 to the reception</strong> of a <strong>Nekoma</strong> character. </br><strong>· Fix the reception at 7</strong> for a <strong>Nekoma</strong> character with a base reception of 5 or more.";"<strong><span style=&quot;background:#1565c0; color:white; padding:1px 4px; border-radius:2px;&quot;>Réception</span></strong> Piochez 1 carte. Choisissez : </br><strong>· +1 à la réception</strong> d'un personnage de <strong>Nekoma</strong>. </br><strong>· Fixez la réception à 7</strong> pour un personnage de <strong>Nekoma</strong> avec une réception de base de 5 ou plus."
HV-P01-083;"<strong><span style=&quot;background:#c62828; color:white; padding:1px 4px; border-radius:2px;&quot;>Remate</span></strong> Roba 1 carta. Si todos tus personajes en juego son de <strong>Nekoma</strong>, puedes gastar <strong>6 GUTS</strong> de cualquier zona de tu campo para añadir <strong>+3 al remate</strong>.";"<strong><span style=&quot;background:#c62828; color:white; padding:1px 4px; border-radius:2px;&quot;>Spike</span></strong> Draw 1 card. If all your characters in play are from <strong>Nekoma</strong>, you may spend <strong>6 GUTS</strong> from any zone on your field to add <strong>+3 to the spike</strong>.";"<strong><span style=&quot;background:#c62828; color:white; padding:1px 4px; border-radius:2px;&quot;>Attaque</span></strong> Piochez 1 carte. Si tous vos personnages en jeu sont de <strong>Nekoma</strong>, vous pouvez dépenser <strong>6 GUTS</strong> de n'importe quelle zone de votre terrain pour ajouter <strong>+3 à l'attaque</strong>."
HV-P01-085;"<strong><span style=&quot;background:#6a1b9a; color:white; padding:1px 4px; border-radius:2px;&quot;>Robo</span> <span style=&quot;background:#1565c0; color:white; padding:1px 4px; border-radius:2px;&quot;>Recepción</span></strong> Roba 1 carta. Gasta 8 cartas del GUTS de tu campo para activar. Durante este turno, cada personaje de <strong>Aoba Jôsai</strong> que coloques tendrá <strong>+1 a su parámetro activo</strong>.";"<strong><span style=&quot;background:#6a1b9a; color:white; padding:1px 4px; border-radius:2px;&quot;>Draw</span> <span style=&quot;background:#1565c0; color:white; padding:1px 4px; border-radius:2px;&quot;>Reception</span></strong> Draw 1 card. Spend 8 cards from your field's GUTS to activate. During this turn, each <strong>Aoba Jôsai</strong> character you place will have <strong>+1 to its active parameter</strong>.";"<strong><span style=&quot;background:#6a1b9a; color:white; padding:1px 4px; border-radius:2px;&quot;>Pioche</span> <span style=&quot;background:#1565c0; color:white; padding:1px 4px; border-radius:2px;&quot;>Réception</span></strong> Piochez 1 carte. Dépensez 8 cartes du GUTS de votre terrain pour activer. Pendant ce tour, chaque personnage d'<strong>Aoba Jôsai</strong> que vous placez aura <strong>+1 à son paramètre actif</strong>."
HV-P01-086;"<strong><span style=&quot;background:#6a1b9a; color:white; padding:1px 4px; border-radius:2px;&quot;>Robo</span> <span style=&quot;background:#1565c0; color:white; padding:1px 4px; border-radius:2px;&quot;>Recepción</span></strong> Añade 1 carta de personaje de <strong>Aoba Jôsai</strong> desde tu descarte a tu mano.";"<strong><span style=&quot;background:#6a1b9a; color:white; padding:1px 4px; border-radius:2px;&quot;>Draw</span> <span style=&quot;background:#1565c0; color:white; padding:1px 4px; border-radius:2px;&quot;>Reception</span></strong> Add 1 <strong>Aoba Jôsai</strong> character card from your discard pile to your hand.";"<strong><span style=&quot;background:#6a1b9a; color:white; padding:1px 4px; border-radius:2px;&quot;>Pioche</span> <span style=&quot;background:#1565c0; color:white; padding:1px 4px; border-radius:2px;&quot;>Réception</span></strong> Ajoutez 1 carte personnage d'<strong>Aoba Jôsai</strong> depuis votre défausse à votre main."
HV-P01-087;"<strong><span style=&quot;background:#e65100; color:white; padding:1px 4px; border-radius:2px;&quot;>Saque</span> <span style=&quot;background:#2e7d32; color:white; padding:1px 4px; border-radius:2px;&quot;>Pase</span></strong> Solo puedes jugar esta carta si tu sacador o colocador es <strong>Oikawa Toru</strong>. Roba 1 carta y +1 al parámetro activo de <strong>Oikawa Toru</strong>. Durante el siguiente turno rival, cada vez que el rival añada una carta a su mano por medios no estándar, deberá descartar 1 carta de su mano.";"<strong><span style=&quot;background:#e65100; color:white; padding:1px 4px; border-radius:2px;&quot;>Serve</span> <span style=&quot;background:#2e7d32; color:white; padding:1px 4px; border-radius:2px;&quot;>Set</span></strong> You may only play this card if your server or setter is <strong>Oikawa Toru</strong>. Draw 1 card and +1 to <strong>Oikawa Toru</strong>'s active parameter. During the opponent's next turn, whenever the opponent adds a card to their hand through non-standard means, they must discard 1 card from their hand.";"<strong><span style=&quot;background:#e65100; color:white; padding:1px 4px; border-radius:2px;&quot;>Service</span> <span style=&quot;background:#2e7d32; color:white; padding:1px 4px; border-radius:2px;&quot;>Passe</span></strong> Vous ne pouvez jouer cette carte que si votre serveur ou passeur est <strong>Oikawa Toru</strong>. Piochez 1 carte et +1 au paramètre actif d'<strong>Oikawa Toru</strong>. Pendant le prochain tour adverse, chaque fois que l'adversaire ajoute une carte à sa main par des moyens non standards, il devra défausser 1 carte de sa main."
HV-P01-088;"<strong><span style=&quot;background:#1565c0; color:white; padding:1px 4px; border-radius:2px;&quot;>Recepción</span></strong> Roba 1 carta y +1 a la recepción de un personaje de <strong>Aoba Jôsai</strong> en juego. Si tienes 3 o menos cartas en la mano, +1 adicional a la recepción.";"<strong><span style=&quot;background:#1565c0; color:white; padding:1px 4px; border-radius:2px;&quot;>Reception</span></strong> Draw 1 card and +1 to the reception of an <strong>Aoba Jôsai</strong> character in play. If you have 3 or fewer cards in hand, an additional +1 to the reception.";"<strong><span style=&quot;background:#1565c0; color:white; padding:1px 4px; border-radius:2px;&quot;>Réception</span></strong> Piochez 1 carte et +1 à la réception d'un personnage d'<strong>Aoba Jôsai</strong> en jeu. Si vous avez 3 cartes ou moins en main, +1 supplémentaire à la réception."
